{
  "timestamp": "2025-09-26T08:19:42.388475",
  "confidence_level": 0.95,
  "time_horizon_days": 1,
  "portfolio_value": 10000,
  "var_percentage": -0.030612944444491304,
  "var_dollar": 306.129444444913,
  "expected_shortfall_percentage": -0.03893037649599792,
  "expected_shortfall_dollar": 389.30376495997916,
  "risk_level": "medium",
  "positions_analyzed": 1
}