{
  "timestamp": "2025-09-26T08:21:16.041311",
  "confidence_level": 0.95,
  "time_horizon_days": 1,
  "portfolio_value": 10000,
  "var_percentage": -0.0336116128434263,
  "var_dollar": 336.116128434263,
  "expected_shortfall_percentage": -0.04002483377100823,
  "expected_shortfall_dollar": 400.2483377100823,
  "risk_level": "medium",
  "positions_analyzed": 1
}