{
  "timestamp": "2025-09-26T08:20:18.015815",
  "confidence_level": 0.95,
  "time_horizon_days": 1,
  "portfolio_value": 10000,
  "var_percentage": -0.03456590843335389,
  "var_dollar": 345.6590843335389,
  "expected_shortfall_percentage": -0.04153978564271583,
  "expected_shortfall_dollar": 415.3978564271583,
  "risk_level": "medium",
  "positions_analyzed": 1
}