{
  "timestamp": "2025-09-26T08:20:59.596149",
  "confidence_level": 0.95,
  "time_horizon_days": 1,
  "portfolio_value": 10000,
  "var_percentage": -0.03249763949743583,
  "var_dollar": 324.9763949743583,
  "expected_shortfall_percentage": -0.039953574453764656,
  "expected_shortfall_dollar": 399.53574453764656,
  "risk_level": "medium",
  "positions_analyzed": 1
}